business_name,category,city,address,phone,source
Sharma Gym 1,Gym,Surat,"Main Road, Surat",9799005553,Sample Data
Royal Bakery 2,Bakery,Surat,"Main Road, Surat",9569517194,Sample Data
Sharma Bakery 3,Bakery,Nagpur,"Main Road, Nagpur",9485956724,Sample Data
Golden Electronics Store 4,Electronics Store,Delhi,"Main Road, Delhi",9847561001,Sample Data
Royal IT Services 5,IT Services,Delhi,"Main Road, Delhi",9440154627,Sample Data
Sharma Salon 6,Salon,Jaipur,"Main Road, Jaipur",9586885570,Sample Data
Central IT Services 7,IT Services,Udaipur,"Main Road, Udaipur",9227360304,Sample Data
New Hospital 8,Hospital,Nagpur,"Main Road, Nagpur",9984899716,Sample Data
Royal Hospital 9,Hospital,Ahmedabad,"Main Road, Ahmedabad",9512979537,Sample Data
Sunrise Electronics Store 10,Electronics Store,Surat,"Main Road, Surat",9668333754,Sample Data
Royal Hotel 11,Hotel,Nagpur,"Main Road, Nagpur",9825480638,Sample Data
Blue Star Salon 12,Salon,Mumbai,"Main Road, Mumbai",9322277022,Sample Data
Modern Gym 13,Gym,Udaipur,"Main Road, Udaipur",9192455459,Sample Data
Golden Salon 14,Salon,Nagpur,"Main Road, Nagpur",9454170508,Sample Data
Modern IT Services 15,IT Services,Indore,"Main Road, Indore",9619347896,Sample Data
Central Hotel 16,Hotel,Surat,"Main Road, Surat",9407443716,Sample Data
Golden Gym 17,Gym,Udaipur,"Main Road, Udaipur",9836243889,Sample Data
Golden Salon 18,Salon,Surat,"Main Road, Surat",9804092276,Sample Data
Blue Star Hotel 19,Hotel,Ahmedabad,"Main Road, Ahmedabad",9986766163,Sample Data
Blue Star Cafe 20,Cafe,Bhopal,"Main Road, Bhopal",9448708248,Sample Data
Golden Hotel 21,Hotel,Nagpur,"Main Road, Nagpur",9403399991,Sample Data
City Hotel 22,Hotel,Nagpur,"Main Road, Nagpur",9437539694,Sample Data
Royal Restaurant 23,Restaurant,Udaipur,"Main Road, Udaipur",9870848620,Sample Data
Sharma Restaurant 24,Restaurant,Surat,"Main Road, Surat",9788702228,Sample Data
Central Clothing Store 25,Clothing Store,Surat,"Main Road, Surat",9424124062,Sample Data
Green Salon 26,Salon,Jaipur,"Main Road, Jaipur",9268762673,Sample Data
Golden IT Services 27,IT Services,Pune,"Main Road, Pune",9697259274,Sample Data
Green Gym 28,Gym,Surat,"Main Road, Surat",9780823621,Sample Data
Blue Star IT Services 29,IT Services,Pune,"Main Road, Pune",9828977367,Sample Data
Sunrise Clothing Store 30,Clothing Store,Nagpur,"Main Road, Nagpur",9983621175,Sample Data
Royal Cafe 31,Cafe,Udaipur,"Main Road, Udaipur",9536345561,Sample Data
New Electronics Store 32,Electronics Store,Indore,"Main Road, Indore",9730540983,Sample Data
City Hotel 33,Hotel,Bhopal,"Main Road, Bhopal",9113218092,Sample Data
New Electronics Store 34,Electronics Store,Udaipur,"Main Road, Udaipur",9756014603,Sample Data
Golden Restaurant 35,Restaurant,Udaipur,"Main Road, Udaipur",9784899128,Sample Data
Golden Bakery 36,Bakery,Surat,"Main Road, Surat",9640257227,Sample Data
Royal Cafe 37,Cafe,Surat,"Main Road, Surat",9760759333,Sample Data
Sharma Electronics Store 38,Electronics Store,Jaipur,"Main Road, Jaipur",9305116299,Sample Data
New Cafe 39,Cafe,Pune,"Main Road, Pune",9745403762,Sample Data
Blue Star Gym 40,Gym,Ahmedabad,"Main Road, Ahmedabad",9816835482,Sample Data
Sunrise Clothing Store 41,Clothing Store,Pune,"Main Road, Pune",9720282615,Sample Data
Blue Star Hotel 42,Hotel,Bhopal,"Main Road, Bhopal",9377906048,Sample Data
Sharma Hotel 43,Hotel,Jaipur,"Main Road, Jaipur",9199673520,Sample Data
New Cafe 44,Cafe,Indore,"Main Road, Indore",9431130405,Sample Data
Blue Star Cafe 45,Cafe,Indore,"Main Road, Indore",9559898726,Sample Data
Blue Star Cafe 46,Cafe,Delhi,"Main Road, Delhi",9280018612,Sample Data
Sharma Gym 47,Gym,Pune,"Main Road, Pune",9615236587,Sample Data
Green Hospital 48,Hospital,Ahmedabad,"Main Road, Ahmedabad",9356557590,Sample Data
City IT Services 49,IT Services,Pune,"Main Road, Pune",9233208497,Sample Data
Blue Star IT Services 50,IT Services,Ahmedabad,"Main Road, Ahmedabad",9170164343,Sample Data
Modern Clothing Store 51,Clothing Store,Delhi,"Main Road, Delhi",9552522748,Sample Data
Sharma Hospital 52,Hospital,Mumbai,"Main Road, Mumbai",9888542067,Sample Data
City Electronics Store 53,Electronics Store,Bhopal,"Main Road, Bhopal",9140231033,Sample Data
New Restaurant 54,Restaurant,Udaipur,"Main Road, Udaipur",9601981401,Sample Data
Royal Bakery 55,Bakery,Mumbai,"Main Road, Mumbai",9623991528,Sample Data
Royal Gym 56,Gym,Ahmedabad,"Main Road, Ahmedabad",9701733599,Sample Data
Modern IT Services 57,IT Services,Surat,"Main Road, Surat",9550112217,Sample Data
Sharma Clothing Store 58,Clothing Store,Nagpur,"Main Road, Nagpur",9734027429,Sample Data
Central IT Services 59,IT Services,Surat,"Main Road, Surat",9861886409,Sample Data
Modern Cafe 60,Cafe,Mumbai,"Main Road, Mumbai",9204836192,Sample Data
Central IT Services 61,IT Services,Udaipur,"Main Road, Udaipur",9327016581,Sample Data
Green Salon 62,Salon,Surat,"Main Road, Surat",9562012786,Sample Data
Blue Star Clothing Store 63,Clothing Store,Pune,"Main Road, Pune",9203465691,Sample Data
Blue Star Restaurant 64,Restaurant,Mumbai,"Main Road, Mumbai",9960734709,Sample Data
Modern Gym 65,Gym,Delhi,"Main Road, Delhi",9490963745,Sample Data
Golden Restaurant 66,Restaurant,Nagpur,"Main Road, Nagpur",9686407513,Sample Data
Modern Hospital 67,Hospital,Udaipur,"Main Road, Udaipur",9589996722,Sample Data
Sunrise Cafe 68,Cafe,Ahmedabad,"Main Road, Ahmedabad",9819517311,Sample Data
Modern Cafe 69,Cafe,Pune,"Main Road, Pune",9392525568,Sample Data
Royal Gym 70,Gym,Udaipur,"Main Road, Udaipur",9356750222,Sample Data
Sharma Salon 71,Salon,Delhi,"Main Road, Delhi",9619650839,Sample Data
Central Bakery 72,Bakery,Ahmedabad,"Main Road, Ahmedabad",9962651136,Sample Data
Green Hospital 73,Hospital,Delhi,"Main Road, Delhi",9122966176,Sample Data
Blue Star Clothing Store 74,Clothing Store,Mumbai,"Main Road, Mumbai",9152592928,Sample Data
Central Electronics Store 75,Electronics Store,Nagpur,"Main Road, Nagpur",9601712473,Sample Data
Royal Hospital 76,Hospital,Jaipur,"Main Road, Jaipur",9557975058,Sample Data
Royal Salon 77,Salon,Udaipur,"Main Road, Udaipur",9901489162,Sample Data
Royal Restaurant 78,Restaurant,Udaipur,"Main Road, Udaipur",9443982010,Sample Data
New Electronics Store 79,Electronics Store,Indore,"Main Road, Indore",9330397690,Sample Data
Sharma Electronics Store 80,Electronics Store,Jaipur,"Main Road, Jaipur",9768063253,Sample Data
Central Salon 81,Salon,Surat,"Main Road, Surat",9116529139,Sample Data
Royal Electronics Store 82,Electronics Store,Delhi,"Main Road, Delhi",9517087275,Sample Data
City Restaurant 83,Restaurant,Mumbai,"Main Road, Mumbai",9353919571,Sample Data
Green IT Services 84,IT Services,Indore,"Main Road, Indore",9138089995,Sample Data
New Restaurant 85,Restaurant,Ahmedabad,"Main Road, Ahmedabad",9427894295,Sample Data
New Electronics Store 86,Electronics Store,Ahmedabad,"Main Road, Ahmedabad",9990540831,Sample Data
Modern IT Services 87,IT Services,Delhi,"Main Road, Delhi",9925242917,Sample Data
Royal Hotel 88,Hotel,Indore,"Main Road, Indore",9735587417,Sample Data
Sunrise Hotel 89,Hotel,Bhopal,"Main Road, Bhopal",9898386917,Sample Data
Golden Gym 90,Gym,Mumbai,"Main Road, Mumbai",9315724839,Sample Data
Green Clothing Store 91,Clothing Store,Jaipur,"Main Road, Jaipur",9166592075,Sample Data
Modern Hotel 92,Hotel,Bhopal,"Main Road, Bhopal",9352205113,Sample Data
Blue Star Bakery 93,Bakery,Ahmedabad,"Main Road, Ahmedabad",9240719335,Sample Data
Blue Star Clothing Store 94,Clothing Store,Mumbai,"Main Road, Mumbai",9556004376,Sample Data
Modern Hotel 95,Hotel,Indore,"Main Road, Indore",9640972560,Sample Data
Modern IT Services 96,IT Services,Bhopal,"Main Road, Bhopal",9515899194,Sample Data
Sunrise Hotel 97,Hotel,Indore,"Main Road, Indore",9604942176,Sample Data
Modern Cafe 98,Cafe,Mumbai,"Main Road, Mumbai",9619835000,Sample Data
Central Clothing Store 99,Clothing Store,Udaipur,"Main Road, Udaipur",9664846172,Sample Data
Modern Electronics Store 100,Electronics Store,Bhopal,"Main Road, Bhopal",9765900808,Sample Data
New Salon 101,Salon,Surat,"Main Road, Surat",9705039754,Sample Data
New IT Services 102,IT Services,Ahmedabad,"Main Road, Ahmedabad",9524611330,Sample Data
New Electronics Store 103,Electronics Store,Udaipur,"Main Road, Udaipur",9784957409,Sample Data
Golden Electronics Store 104,Electronics Store,Bhopal,"Main Road, Bhopal",9185452489,Sample Data
New IT Services 105,IT Services,Mumbai,"Main Road, Mumbai",9246893202,Sample Data
Central Restaurant 106,Restaurant,Pune,"Main Road, Pune",9796770246,Sample Data
Royal Gym 107,Gym,Bhopal,"Main Road, Bhopal",9415392595,Sample Data
Sharma Cafe 108,Cafe,Mumbai,"Main Road, Mumbai",9973690317,Sample Data
City Clothing Store 109,Clothing Store,Ahmedabad,"Main Road, Ahmedabad",9859429742,Sample Data
Royal Salon 110,Salon,Pune,"Main Road, Pune",9365000516,Sample Data
Central Restaurant 111,Restaurant,Surat,"Main Road, Surat",9154287388,Sample Data
Golden Cafe 112,Cafe,Ahmedabad,"Main Road, Ahmedabad",9813723734,Sample Data
Sharma Clothing Store 113,Clothing Store,Delhi,"Main Road, Delhi",9136760607,Sample Data
New Gym 114,Gym,Udaipur,"Main Road, Udaipur",9494753997,Sample Data
Central Electronics Store 115,Electronics Store,Bhopal,"Main Road, Bhopal",9603579334,Sample Data
New Salon 116,Salon,Jaipur,"Main Road, Jaipur",9291366045,Sample Data
Blue Star Restaurant 117,Restaurant,Nagpur,"Main Road, Nagpur",9110442498,Sample Data
Golden Salon 118,Salon,Pune,"Main Road, Pune",9246346688,Sample Data
Central Hotel 119,Hotel,Bhopal,"Main Road, Bhopal",9494291290,Sample Data
Royal Clothing Store 120,Clothing Store,Delhi,"Main Road, Delhi",9488798838,Sample Data
Sharma Clothing Store 121,Clothing Store,Pune,"Main Road, Pune",9557341484,Sample Data
Sharma Hotel 122,Hotel,Delhi,"Main Road, Delhi",9241666947,Sample Data
Central IT Services 123,IT Services,Indore,"Main Road, Indore",9348997170,Sample Data
New IT Services 124,IT Services,Udaipur,"Main Road, Udaipur",9595009976,Sample Data
City Clothing Store 125,Clothing Store,Udaipur,"Main Road, Udaipur",9869423623,Sample Data
Sunrise Restaurant 126,Restaurant,Ahmedabad,"Main Road, Ahmedabad",9299317032,Sample Data
Central Electronics Store 127,Electronics Store,Surat,"Main Road, Surat",9114387564,Sample Data
Central IT Services 128,IT Services,Bhopal,"Main Road, Bhopal",9522472237,Sample Data
Royal Hospital 129,Hospital,Ahmedabad,"Main Road, Ahmedabad",9560771712,Sample Data
City Bakery 130,Bakery,Nagpur,"Main Road, Nagpur",9468741267,Sample Data
Central Hospital 131,Hospital,Bhopal,"Main Road, Bhopal",9684560431,Sample Data
Sunrise Gym 132,Gym,Surat,"Main Road, Surat",9116054400,Sample Data
Central IT Services 133,IT Services,Surat,"Main Road, Surat",9510913770,Sample Data
Green Hospital 134,Hospital,Jaipur,"Main Road, Jaipur",9189280546,Sample Data
Golden Bakery 135,Bakery,Bhopal,"Main Road, Bhopal",9478816707,Sample Data
Modern Bakery 136,Bakery,Pune,"Main Road, Pune",9305183845,Sample Data
Modern Hotel 137,Hotel,Udaipur,"Main Road, Udaipur",9499868918,Sample Data
Golden Bakery 138,Bakery,Indore,"Main Road, Indore",9608436935,Sample Data
Sharma Cafe 139,Cafe,Delhi,"Main Road, Delhi",9886181053,Sample Data
Sunrise Restaurant 140,Restaurant,Indore,"Main Road, Indore",9884217042,Sample Data
City Hotel 141,Hotel,Udaipur,"Main Road, Udaipur",9797520991,Sample Data
Sunrise Salon 142,Salon,Indore,"Main Road, Indore",9844997531,Sample Data
Green Hospital 143,Hospital,Nagpur,"Main Road, Nagpur",9674702750,Sample Data
Golden Cafe 144,Cafe,Nagpur,"Main Road, Nagpur",9976036126,Sample Data
Sunrise Salon 145,Salon,Bhopal,"Main Road, Bhopal",9638034538,Sample Data
Golden Clothing Store 146,Clothing Store,Ahmedabad,"Main Road, Ahmedabad",9624030037,Sample Data
Green Gym 147,Gym,Ahmedabad,"Main Road, Ahmedabad",9206115911,Sample Data
Modern Gym 148,Gym,Bhopal,"Main Road, Bhopal",9229415686,Sample Data
City Restaurant 149,Restaurant,Udaipur,"Main Road, Udaipur",9147794572,Sample Data
Golden Clothing Store 150,Clothing Store,Surat,"Main Road, Surat",9203173722,Sample Data
Golden Gym 151,Gym,Surat,"Main Road, Surat",9113522523,Sample Data
Sharma Electronics Store 152,Electronics Store,Indore,"Main Road, Indore",9715968152,Sample Data
Royal Hotel 153,Hotel,Delhi,"Main Road, Delhi",9704283042,Sample Data
Sunrise IT Services 154,IT Services,Surat,"Main Road, Surat",9692364832,Sample Data
City Gym 155,Gym,Delhi,"Main Road, Delhi",9323495280,Sample Data
City Salon 156,Salon,Bhopal,"Main Road, Bhopal",9764287075,Sample Data
City Bakery 157,Bakery,Udaipur,"Main Road, Udaipur",9646580824,Sample Data
Central Gym 158,Gym,Delhi,"Main Road, Delhi",9551927933,Sample Data
Sharma Bakery 159,Bakery,Udaipur,"Main Road, Udaipur",9925447783,Sample Data
Golden Bakery 160,Bakery,Delhi,"Main Road, Delhi",9341569311,Sample Data
Modern Gym 161,Gym,Ahmedabad,"Main Road, Ahmedabad",9556884028,Sample Data
Blue Star Clothing Store 162,Clothing Store,Ahmedabad,"Main Road, Ahmedabad",9455436822,Sample Data
Central Gym 163,Gym,Mumbai,"Main Road, Mumbai",9767941654,Sample Data
Blue Star Hospital 164,Hospital,Udaipur,"Main Road, Udaipur",9645224025,Sample Data
Sharma Hotel 165,Hotel,Delhi,"Main Road, Delhi",9971044178,Sample Data
Golden Bakery 166,Bakery,Surat,"Main Road, Surat",9970476674,Sample Data
Sharma Salon 167,Salon,Pune,"Main Road, Pune",9611163502,Sample Data
Modern Cafe 168,Cafe,Bhopal,"Main Road, Bhopal",9156231683,Sample Data
Green Gym 169,Gym,Jaipur,"Main Road, Jaipur",9398532528,Sample Data
Royal Gym 170,Gym,Bhopal,"Main Road, Bhopal",9957976909,Sample Data
Central Salon 171,Salon,Ahmedabad,"Main Road, Ahmedabad",9228281050,Sample Data
Royal Cafe 172,Cafe,Udaipur,"Main Road, Udaipur",9997124096,Sample Data
New Clothing Store 173,Clothing Store,Delhi,"Main Road, Delhi",9110480569,Sample Data
Sunrise Clothing Store 174,Clothing Store,Pune,"Main Road, Pune",9188272028,Sample Data
Modern Cafe 175,Cafe,Surat,"Main Road, Surat",9856102597,Sample Data
Royal IT Services 176,IT Services,Bhopal,"Main Road, Bhopal",9659583676,Sample Data
Golden Bakery 177,Bakery,Nagpur,"Main Road, Nagpur",9646296269,Sample Data
Green Cafe 178,Cafe,Surat,"Main Road, Surat",9282941874,Sample Data
City Cafe 179,Cafe,Pune,"Main Road, Pune",9325780429,Sample Data
Royal Bakery 180,Bakery,Udaipur,"Main Road, Udaipur",9733208517,Sample Data
Royal Restaurant 181,Restaurant,Pune,"Main Road, Pune",9627170261,Sample Data
Blue Star Hospital 182,Hospital,Indore,"Main Road, Indore",9478125748,Sample Data
Blue Star Gym 183,Gym,Mumbai,"Main Road, Mumbai",9723305897,Sample Data
Sunrise Restaurant 184,Restaurant,Ahmedabad,"Main Road, Ahmedabad",9531461431,Sample Data
Green Salon 185,Salon,Udaipur,"Main Road, Udaipur",9443502377,Sample Data
Modern Hospital 186,Hospital,Nagpur,"Main Road, Nagpur",9296322601,Sample Data
New Bakery 187,Bakery,Indore,"Main Road, Indore",9317711661,Sample Data
Modern Clothing Store 188,Clothing Store,Ahmedabad,"Main Road, Ahmedabad",9992785946,Sample Data
New Restaurant 189,Restaurant,Nagpur,"Main Road, Nagpur",9448580835,Sample Data
City IT Services 190,IT Services,Nagpur,"Main Road, Nagpur",9563589265,Sample Data
New Electronics Store 191,Electronics Store,Mumbai,"Main Road, Mumbai",9156313515,Sample Data
City Gym 192,Gym,Indore,"Main Road, Indore",9268024892,Sample Data
Central Hotel 193,Hotel,Delhi,"Main Road, Delhi",9819776870,Sample Data
Golden Restaurant 194,Restaurant,Indore,"Main Road, Indore",9677660105,Sample Data
Central Restaurant 195,Restaurant,Indore,"Main Road, Indore",9893282415,Sample Data
Blue Star Restaurant 196,Restaurant,Ahmedabad,"Main Road, Ahmedabad",9518835488,Sample Data
Golden Cafe 197,Cafe,Indore,"Main Road, Indore",9777892241,Sample Data
Sunrise Bakery 198,Bakery,Indore,"Main Road, Indore",9766065372,Sample Data
Modern Hotel 199,Hotel,Mumbai,"Main Road, Mumbai",9422883824,Sample Data
City Clothing Store 200,Clothing Store,Jaipur,"Main Road, Jaipur",9975659258,Sample Data
Central Restaurant 201,Restaurant,Delhi,"Main Road, Delhi",9632839636,Sample Data
Sunrise Cafe 202,Cafe,Jaipur,"Main Road, Jaipur",9600513176,Sample Data
Blue Star Salon 203,Salon,Delhi,"Main Road, Delhi",9729038465,Sample Data
Golden Bakery 204,Bakery,Bhopal,"Main Road, Bhopal",9385291502,Sample Data
Golden Cafe 205,Cafe,Delhi,"Main Road, Delhi",9474066410,Sample Data
Royal Salon 206,Salon,Mumbai,"Main Road, Mumbai",9216388451,Sample Data
Golden IT Services 207,IT Services,Nagpur,"Main Road, Nagpur",9941701040,Sample Data
Blue Star Gym 208,Gym,Delhi,"Main Road, Delhi",9731727373,Sample Data
City Electronics Store 209,Electronics Store,Surat,"Main Road, Surat",9637016061,Sample Data
Central IT Services 210,IT Services,Indore,"Main Road, Indore",9990611345,Sample Data
Sharma Hotel 211,Hotel,Mumbai,"Main Road, Mumbai",9753631770,Sample Data
Royal Electronics Store 212,Electronics Store,Ahmedabad,"Main Road, Ahmedabad",9701668154,Sample Data
Central Gym 213,Gym,Delhi,"Main Road, Delhi",9950235802,Sample Data
Sunrise Cafe 214,Cafe,Nagpur,"Main Road, Nagpur",9985632568,Sample Data
Central Gym 215,Gym,Surat,"Main Road, Surat",9691235950,Sample Data
Sunrise Hospital 216,Hospital,Bhopal,"Main Road, Bhopal",9181073968,Sample Data
New Hospital 217,Hospital,Delhi,"Main Road, Delhi",9493721269,Sample Data
Sharma Salon 218,Salon,Pune,"Main Road, Pune",9656439862,Sample Data
Sharma Hospital 219,Hospital,Nagpur,"Main Road, Nagpur",9617242388,Sample Data
Royal Electronics Store 220,Electronics Store,Pune,"Main Road, Pune",9998332977,Sample Data
Sunrise Gym 221,Gym,Mumbai,"Main Road, Mumbai",9468515094,Sample Data
Blue Star Gym 222,Gym,Surat,"Main Road, Surat",9498065795,Sample Data
New Hotel 223,Hotel,Delhi,"Main Road, Delhi",9970496092,Sample Data
Royal Restaurant 224,Restaurant,Surat,"Main Road, Surat",9294729622,Sample Data
Blue Star Hotel 225,Hotel,Delhi,"Main Road, Delhi",9493845132,Sample Data
Royal IT Services 226,IT Services,Udaipur,"Main Road, Udaipur",9325654510,Sample Data
City IT Services 227,IT Services,Surat,"Main Road, Surat",9491562206,Sample Data
Royal IT Services 228,IT Services,Indore,"Main Road, Indore",9232400321,Sample Data
Golden Restaurant 229,Restaurant,Udaipur,"Main Road, Udaipur",9719262670,Sample Data
New Cafe 230,Cafe,Surat,"Main Road, Surat",9994668633,Sample Data
Blue Star Electronics Store 231,Electronics Store,Bhopal,"Main Road, Bhopal",9365226374,Sample Data
New Gym 232,Gym,Udaipur,"Main Road, Udaipur",9175240637,Sample Data
City Hospital 233,Hospital,Surat,"Main Road, Surat",9437471491,Sample Data
Sunrise Hotel 234,Hotel,Surat,"Main Road, Surat",9252706147,Sample Data
New Restaurant 235,Restaurant,Mumbai,"Main Road, Mumbai",9802998692,Sample Data
Modern IT Services 236,IT Services,Nagpur,"Main Road, Nagpur",9834388785,Sample Data
New Restaurant 237,Restaurant,Delhi,"Main Road, Delhi",9962064722,Sample Data
Sharma Clothing Store 238,Clothing Store,Ahmedabad,"Main Road, Ahmedabad",9482080721,Sample Data
Green Cafe 239,Cafe,Bhopal,"Main Road, Bhopal",9915874330,Sample Data
Central Cafe 240,Cafe,Udaipur,"Main Road, Udaipur",9551683235,Sample Data
New Salon 241,Salon,Ahmedabad,"Main Road, Ahmedabad",9888751028,Sample Data
Central Salon 242,Salon,Bhopal,"Main Road, Bhopal",9793489558,Sample Data
Sunrise Salon 243,Salon,Ahmedabad,"Main Road, Ahmedabad",9114278798,Sample Data
Royal Electronics Store 244,Electronics Store,Ahmedabad,"Main Road, Ahmedabad",9905975377,Sample Data
Blue Star Hotel 245,Hotel,Nagpur,"Main Road, Nagpur",9702776776,Sample Data
City Bakery 246,Bakery,Bhopal,"Main Road, Bhopal",9241518612,Sample Data
Central Clothing Store 247,Clothing Store,Delhi,"Main Road, Delhi",9310461720,Sample Data
Central Electronics Store 248,Electronics Store,Ahmedabad,"Main Road, Ahmedabad",9319251639,Sample Data
Modern Hospital 249,Hospital,Surat,"Main Road, Surat",9818942682,Sample Data
Central Bakery 250,Bakery,Surat,"Main Road, Surat",9324536723,Sample Data
New Salon 251,Salon,Jaipur,"Main Road, Jaipur",9709617077,Sample Data
Golden IT Services 252,IT Services,Udaipur,"Main Road, Udaipur",9257745098,Sample Data
Golden Cafe 253,Cafe,Ahmedabad,"Main Road, Ahmedabad",9119866840,Sample Data
New Gym 254,Gym,Indore,"Main Road, Indore",9941620883,Sample Data
New Hospital 255,Hospital,Nagpur,"Main Road, Nagpur",9516471509,Sample Data
Central Restaurant 256,Restaurant,Delhi,"Main Road, Delhi",9466381395,Sample Data
Golden Hospital 257,Hospital,Indore,"Main Road, Indore",9614258271,Sample Data
City Cafe 258,Cafe,Bhopal,"Main Road, Bhopal",9937720040,Sample Data
Modern Hospital 259,Hospital,Pune,"Main Road, Pune",9592025495,Sample Data
Royal Cafe 260,Cafe,Indore,"Main Road, Indore",9243728232,Sample Data
Modern Hospital 261,Hospital,Jaipur,"Main Road, Jaipur",9659135936,Sample Data
Modern Bakery 262,Bakery,Surat,"Main Road, Surat",9847642949,Sample Data
Modern Salon 263,Salon,Bhopal,"Main Road, Bhopal",9211220237,Sample Data
Golden IT Services 264,IT Services,Ahmedabad,"Main Road, Ahmedabad",9388037825,Sample Data
Modern Bakery 265,Bakery,Udaipur,"Main Road, Udaipur",9713435659,Sample Data
Green Gym 266,Gym,Nagpur,"Main Road, Nagpur",9510341837,Sample Data
New Electronics Store 267,Electronics Store,Surat,"Main Road, Surat",9704628339,Sample Data
Royal Hotel 268,Hotel,Bhopal,"Main Road, Bhopal",9913891955,Sample Data
City Clothing Store 269,Clothing Store,Mumbai,"Main Road, Mumbai",9643393162,Sample Data
New Electronics Store 270,Electronics Store,Ahmedabad,"Main Road, Ahmedabad",9140688876,Sample Data
Royal Restaurant 271,Restaurant,Mumbai,"Main Road, Mumbai",9572689863,Sample Data
Modern Hospital 272,Hospital,Pune,"Main Road, Pune",9308782224,Sample Data
Blue Star Cafe 273,Cafe,Bhopal,"Main Road, Bhopal",9830790598,Sample Data
City Cafe 274,Cafe,Surat,"Main Road, Surat",9506265792,Sample Data
Central Hospital 275,Hospital,Pune,"Main Road, Pune",9852293885,Sample Data
New IT Services 276,IT Services,Surat,"Main Road, Surat",9576428676,Sample Data
Central Salon 277,Salon,Bhopal,"Main Road, Bhopal",9748150038,Sample Data
Central Salon 278,Salon,Jaipur,"Main Road, Jaipur",9932779446,Sample Data
City Electronics Store 279,Electronics Store,Nagpur,"Main Road, Nagpur",9561363312,Sample Data
Modern Hospital 280,Hospital,Nagpur,"Main Road, Nagpur",9628557488,Sample Data
New Hotel 281,Hotel,Ahmedabad,"Main Road, Ahmedabad",9265831995,Sample Data
Green Hospital 282,Hospital,Nagpur,"Main Road, Nagpur",9782558536,Sample Data
Blue Star Clothing Store 283,Clothing Store,Jaipur,"Main Road, Jaipur",9608823137,Sample Data
Modern IT Services 284,IT Services,Bhopal,"Main Road, Bhopal",9311406211,Sample Data
Modern Bakery 285,Bakery,Nagpur,"Main Road, Nagpur",9411087741,Sample Data
Royal Electronics Store 286,Electronics Store,Nagpur,"Main Road, Nagpur",9822679216,Sample Data
Golden Hospital 287,Hospital,Jaipur,"Main Road, Jaipur",9542933907,Sample Data
Central Hospital 288,Hospital,Jaipur,"Main Road, Jaipur",9138985580,Sample Data
Modern Clothing Store 289,Clothing Store,Delhi,"Main Road, Delhi",9965664679,Sample Data
Central Hospital 290,Hospital,Surat,"Main Road, Surat",9250645807,Sample Data
New Electronics Store 291,Electronics Store,Bhopal,"Main Road, Bhopal",9193767093,Sample Data
Sunrise Cafe 292,Cafe,Bhopal,"Main Road, Bhopal",9793678858,Sample Data
New Clothing Store 293,Clothing Store,Pune,"Main Road, Pune",9304586312,Sample Data
City Cafe 294,Cafe,Nagpur,"Main Road, Nagpur",9834406098,Sample Data
Royal Hotel 295,Hotel,Ahmedabad,"Main Road, Ahmedabad",9963037427,Sample Data
Royal Gym 296,Gym,Pune,"Main Road, Pune",9803759803,Sample Data
New Electronics Store 297,Electronics Store,Bhopal,"Main Road, Bhopal",9674875396,Sample Data
Sharma Restaurant 298,Restaurant,Delhi,"Main Road, Delhi",9216826293,Sample Data
Central Hotel 299,Hotel,Bhopal,"Main Road, Bhopal",9196436162,Sample Data
Golden Cafe 300,Cafe,Nagpur,"Main Road, Nagpur",9435518968,Sample Data
Sharma Gym 301,Gym,Ahmedabad,"Main Road, Ahmedabad",9533409609,Sample Data
Green Gym 302,Gym,Udaipur,"Main Road, Udaipur",9342881270,Sample Data
Sharma Cafe 303,Cafe,Delhi,"Main Road, Delhi",9820135816,Sample Data
Golden Cafe 304,Cafe,Mumbai,"Main Road, Mumbai",9988644015,Sample Data
Central IT Services 305,IT Services,Surat,"Main Road, Surat",9342695877,Sample Data
Central Cafe 306,Cafe,Indore,"Main Road, Indore",9176743015,Sample Data
Green Bakery 307,Bakery,Pune,"Main Road, Pune",9538035218,Sample Data
Sunrise Hotel 308,Hotel,Bhopal,"Main Road, Bhopal",9537987227,Sample Data
Blue Star Electronics Store 309,Electronics Store,Mumbai,"Main Road, Mumbai",9662654137,Sample Data
Green Gym 310,Gym,Mumbai,"Main Road, Mumbai",9555826187,Sample Data
Modern Salon 311,Salon,Indore,"Main Road, Indore",9729222495,Sample Data
Sharma Electronics Store 312,Electronics Store,Ahmedabad,"Main Road, Ahmedabad",9952199555,Sample Data
City IT Services 313,IT Services,Bhopal,"Main Road, Bhopal",9445314115,Sample Data
Central Bakery 314,Bakery,Nagpur,"Main Road, Nagpur",9164420316,Sample Data
Golden Gym 315,Gym,Indore,"Main Road, Indore",9685694496,Sample Data
Blue Star Hotel 316,Hotel,Bhopal,"Main Road, Bhopal",9585243877,Sample Data
New Hotel 317,Hotel,Udaipur,"Main Road, Udaipur",9253500791,Sample Data
Modern Restaurant 318,Restaurant,Bhopal,"Main Road, Bhopal",9687578855,Sample Data
Royal Bakery 319,Bakery,Delhi,"Main Road, Delhi",9963006314,Sample Data
Sunrise Bakery 320,Bakery,Surat,"Main Road, Surat",9331308007,Sample Data
Modern Cafe 321,Cafe,Indore,"Main Road, Indore",9466102120,Sample Data
Royal Salon 322,Salon,Udaipur,"Main Road, Udaipur",9577194414,Sample Data
New Salon 323,Salon,Ahmedabad,"Main Road, Ahmedabad",9441676744,Sample Data
Golden Salon 324,Salon,Jaipur,"Main Road, Jaipur",9465250034,Sample Data
City Bakery 325,Bakery,Jaipur,"Main Road, Jaipur",9138832028,Sample Data
Golden Salon 326,Salon,Jaipur,"Main Road, Jaipur",9569076596,Sample Data
Golden Hotel 327,Hotel,Udaipur,"Main Road, Udaipur",9864509273,Sample Data
Green Salon 328,Salon,Bhopal,"Main Road, Bhopal",9319702109,Sample Data
Royal IT Services 329,IT Services,Indore,"Main Road, Indore",9628487896,Sample Data
Green Bakery 330,Bakery,Pune,"Main Road, Pune",9684354834,Sample Data
Green Electronics Store 331,Electronics Store,Pune,"Main Road, Pune",9527509305,Sample Data
Green Hospital 332,Hospital,Jaipur,"Main Road, Jaipur",9446100399,Sample Data
Green Cafe 333,Cafe,Udaipur,"Main Road, Udaipur",9265801675,Sample Data
Golden Gym 334,Gym,Delhi,"Main Road, Delhi",9306472292,Sample Data
Modern Cafe 335,Cafe,Delhi,"Main Road, Delhi",9505922411,Sample Data
Modern Restaurant 336,Restaurant,Nagpur,"Main Road, Nagpur",9591024401,Sample Data
Green Hospital 337,Hospital,Surat,"Main Road, Surat",9963081603,Sample Data
Golden Cafe 338,Cafe,Indore,"Main Road, Indore",9125539652,Sample Data
Golden Restaurant 339,Restaurant,Indore,"Main Road, Indore",9599632498,Sample Data
Green Gym 340,Gym,Udaipur,"Main Road, Udaipur",9290503024,Sample Data
Central Electronics Store 341,Electronics Store,Udaipur,"Main Road, Udaipur",9798889036,Sample Data
Central Cafe 342,Cafe,Ahmedabad,"Main Road, Ahmedabad",9364743986,Sample Data
Blue Star Cafe 343,Cafe,Indore,"Main Road, Indore",9958664372,Sample Data
Blue Star Clothing Store 344,Clothing Store,Delhi,"Main Road, Delhi",9578112367,Sample Data
Sunrise Restaurant 345,Restaurant,Nagpur,"Main Road, Nagpur",9890208604,Sample Data
Royal Clothing Store 346,Clothing Store,Mumbai,"Main Road, Mumbai",9544665942,Sample Data
Royal Bakery 347,Bakery,Indore,"Main Road, Indore",9286966374,Sample Data
New IT Services 348,IT Services,Nagpur,"Main Road, Nagpur",9722981024,Sample Data
Blue Star Hotel 349,Hotel,Bhopal,"Main Road, Bhopal",9705416227,Sample Data
Blue Star Salon 350,Salon,Udaipur,"Main Road, Udaipur",9970163999,Sample Data
Golden Hotel 351,Hotel,Ahmedabad,"Main Road, Ahmedabad",9230832644,Sample Data
New Bakery 352,Bakery,Nagpur,"Main Road, Nagpur",9614654183,Sample Data
Blue Star Hotel 353,Hotel,Mumbai,"Main Road, Mumbai",9868024841,Sample Data
Sharma Electronics Store 354,Electronics Store,Bhopal,"Main Road, Bhopal",9105507295,Sample Data
Sunrise Cafe 355,Cafe,Pune,"Main Road, Pune",9867596679,Sample Data
Sharma Clothing Store 356,Clothing Store,Bhopal,"Main Road, Bhopal",9481232808,Sample Data
City Salon 357,Salon,Pune,"Main Road, Pune",9512634671,Sample Data
Modern Cafe 358,Cafe,Surat,"Main Road, Surat",9292114939,Sample Data
New Hospital 359,Hospital,Pune,"Main Road, Pune",9126431310,Sample Data
Sharma Gym 360,Gym,Jaipur,"Main Road, Jaipur",9391419455,Sample Data
Modern Hospital 361,Hospital,Mumbai,"Main Road, Mumbai",9662154928,Sample Data
Green Bakery 362,Bakery,Delhi,"Main Road, Delhi",9189775231,Sample Data
Sharma IT Services 363,IT Services,Mumbai,"Main Road, Mumbai",9288228732,Sample Data
Modern Hospital 364,Hospital,Pune,"Main Road, Pune",9455265974,Sample Data
Modern Clothing Store 365,Clothing Store,Indore,"Main Road, Indore",9347941148,Sample Data
Royal IT Services 366,IT Services,Nagpur,"Main Road, Nagpur",9212085682,Sample Data
Modern Clothing Store 367,Clothing Store,Jaipur,"Main Road, Jaipur",9448454107,Sample Data
Sunrise Gym 368,Gym,Surat,"Main Road, Surat",9670185198,Sample Data
Royal IT Services 369,IT Services,Mumbai,"Main Road, Mumbai",9457990020,Sample Data
City Restaurant 370,Restaurant,Indore,"Main Road, Indore",9775932790,Sample Data
Golden Hotel 371,Hotel,Ahmedabad,"Main Road, Ahmedabad",9210947474,Sample Data
New Gym 372,Gym,Indore,"Main Road, Indore",9649790756,Sample Data
Green Gym 373,Gym,Delhi,"Main Road, Delhi",9357813343,Sample Data
New Restaurant 374,Restaurant,Mumbai,"Main Road, Mumbai",9565424841,Sample Data
Golden Clothing Store 375,Clothing Store,Bhopal,"Main Road, Bhopal",9345949412,Sample Data
Green Restaurant 376,Restaurant,Ahmedabad,"Main Road, Ahmedabad",9409424999,Sample Data
City IT Services 377,IT Services,Bhopal,"Main Road, Bhopal",9789054636,Sample Data
Central Salon 378,Salon,Indore,"Main Road, Indore",9669989332,Sample Data
Royal Hotel 379,Hotel,Mumbai,"Main Road, Mumbai",9902753834,Sample Data
Green IT Services 380,IT Services,Pune,"Main Road, Pune",9373614045,Sample Data
Blue Star Electronics Store 381,Electronics Store,Ahmedabad,"Main Road, Ahmedabad",9218719889,Sample Data
Sharma Restaurant 382,Restaurant,Pune,"Main Road, Pune",9238925802,Sample Data
Sunrise Gym 383,Gym,Delhi,"Main Road, Delhi",9353296567,Sample Data
City Bakery 384,Bakery,Ahmedabad,"Main Road, Ahmedabad",9970167715,Sample Data
Modern Hospital 385,Hospital,Mumbai,"Main Road, Mumbai",9893932101,Sample Data
Blue Star Restaurant 386,Restaurant,Delhi,"Main Road, Delhi",9346945427,Sample Data
Sharma Hotel 387,Hotel,Surat,"Main Road, Surat",9183546527,Sample Data
New Gym 388,Gym,Pune,"Main Road, Pune",9658252350,Sample Data
Central Bakery 389,Bakery,Mumbai,"Main Road, Mumbai",9370586206,Sample Data
Sharma IT Services 390,IT Services,Ahmedabad,"Main Road, Ahmedabad",9748747265,Sample Data
Sunrise Hotel 391,Hotel,Mumbai,"Main Road, Mumbai",9778066046,Sample Data
Central Gym 392,Gym,Bhopal,"Main Road, Bhopal",9876733406,Sample Data
Golden Bakery 393,Bakery,Ahmedabad,"Main Road, Ahmedabad",9174372404,Sample Data
Green Hospital 394,Hospital,Ahmedabad,"Main Road, Ahmedabad",9638542904,Sample Data
Sunrise Hospital 395,Hospital,Jaipur,"Main Road, Jaipur",9804421162,Sample Data
Central IT Services 396,IT Services,Ahmedabad,"Main Road, Ahmedabad",9748710133,Sample Data
Modern IT Services 397,IT Services,Jaipur,"Main Road, Jaipur",9464150565,Sample Data
Green Clothing Store 398,Clothing Store,Udaipur,"Main Road, Udaipur",9190318717,Sample Data
City Electronics Store 399,Electronics Store,Nagpur,"Main Road, Nagpur",9614722525,Sample Data
Green Clothing Store 400,Clothing Store,Ahmedabad,"Main Road, Ahmedabad",9915468562,Sample Data
New Hotel 401,Hotel,Udaipur,"Main Road, Udaipur",9686615215,Sample Data
Modern Cafe 402,Cafe,Bhopal,"Main Road, Bhopal",9408781739,Sample Data
Sunrise Electronics Store 403,Electronics Store,Mumbai,"Main Road, Mumbai",9865599614,Sample Data
Central Bakery 404,Bakery,Pune,"Main Road, Pune",9622308413,Sample Data
Blue Star IT Services 405,IT Services,Bhopal,"Main Road, Bhopal",9211271617,Sample Data
Central Bakery 406,Bakery,Indore,"Main Road, Indore",9778739398,Sample Data
Central Cafe 407,Cafe,Jaipur,"Main Road, Jaipur",9440526639,Sample Data
Blue Star Salon 408,Salon,Udaipur,"Main Road, Udaipur",9579107197,Sample Data
City Salon 409,Salon,Mumbai,"Main Road, Mumbai",9115574716,Sample Data
New Salon 410,Salon,Delhi,"Main Road, Delhi",9749964981,Sample Data
City Cafe 411,Cafe,Surat,"Main Road, Surat",9621114293,Sample Data
Green Cafe 412,Cafe,Nagpur,"Main Road, Nagpur",9260413773,Sample Data
Royal Hospital 413,Hospital,Jaipur,"Main Road, Jaipur",9569525001,Sample Data
Central Bakery 414,Bakery,Ahmedabad,"Main Road, Ahmedabad",9447427190,Sample Data
Blue Star Gym 415,Gym,Surat,"Main Road, Surat",9720960928,Sample Data
Sharma Hotel 416,Hotel,Ahmedabad,"Main Road, Ahmedabad",9225127977,Sample Data
New Hotel 417,Hotel,Ahmedabad,"Main Road, Ahmedabad",9868833407,Sample Data
Royal Bakery 418,Bakery,Ahmedabad,"Main Road, Ahmedabad",9768896939,Sample Data
Sunrise IT Services 419,IT Services,Jaipur,"Main Road, Jaipur",9396922234,Sample Data
Golden Salon 420,Salon,Surat,"Main Road, Surat",9740461609,Sample Data
Golden Restaurant 421,Restaurant,Surat,"Main Road, Surat",9398150708,Sample Data
City IT Services 422,IT Services,Ahmedabad,"Main Road, Ahmedabad",9562992873,Sample Data
Green IT Services 423,IT Services,Udaipur,"Main Road, Udaipur",9877857431,Sample Data
Sharma Hotel 424,Hotel,Mumbai,"Main Road, Mumbai",9651656148,Sample Data
Blue Star IT Services 425,IT Services,Nagpur,"Main Road, Nagpur",9518767252,Sample Data
Blue Star Cafe 426,Cafe,Ahmedabad,"Main Road, Ahmedabad",9592152284,Sample Data
Royal IT Services 427,IT Services,Bhopal,"Main Road, Bhopal",9551578625,Sample Data
Sunrise Hotel 428,Hotel,Jaipur,"Main Road, Jaipur",9956960776,Sample Data
City Restaurant 429,Restaurant,Mumbai,"Main Road, Mumbai",9719031447,Sample Data
Sunrise Gym 430,Gym,Delhi,"Main Road, Delhi",9129530049,Sample Data
City Bakery 431,Bakery,Pune,"Main Road, Pune",9743188015,Sample Data
Central Cafe 432,Cafe,Pune,"Main Road, Pune",9179842070,Sample Data
Blue Star Gym 433,Gym,Pune,"Main Road, Pune",9446376933,Sample Data
Blue Star Clothing Store 434,Clothing Store,Udaipur,"Main Road, Udaipur",9183115921,Sample Data
Royal Gym 435,Gym,Surat,"Main Road, Surat",9602582276,Sample Data
Royal Cafe 436,Cafe,Indore,"Main Road, Indore",9446310702,Sample Data
New Salon 437,Salon,Ahmedabad,"Main Road, Ahmedabad",9155699149,Sample Data
Green Hospital 438,Hospital,Pune,"Main Road, Pune",9280517409,Sample Data
Modern Clothing Store 439,Clothing Store,Delhi,"Main Road, Delhi",9946073308,Sample Data
Modern Salon 440,Salon,Nagpur,"Main Road, Nagpur",9546690272,Sample Data
Royal Bakery 441,Bakery,Mumbai,"Main Road, Mumbai",9160614051,Sample Data
Royal Hotel 442,Hotel,Udaipur,"Main Road, Udaipur",9929719449,Sample Data
Sharma Restaurant 443,Restaurant,Indore,"Main Road, Indore",9272349397,Sample Data
City Bakery 444,Bakery,Bhopal,"Main Road, Bhopal",9904131038,Sample Data
Sharma Salon 445,Salon,Indore,"Main Road, Indore",9739201548,Sample Data
City Hospital 446,Hospital,Pune,"Main Road, Pune",9354404530,Sample Data
Sunrise IT Services 447,IT Services,Surat,"Main Road, Surat",9522558986,Sample Data
Modern Clothing Store 448,Clothing Store,Jaipur,"Main Road, Jaipur",9149830240,Sample Data
Sunrise Clothing Store 449,Clothing Store,Indore,"Main Road, Indore",9616132487,Sample Data
City Hotel 450,Hotel,Mumbai,"Main Road, Mumbai",9955523075,Sample Data
Green Hospital 451,Hospital,Ahmedabad,"Main Road, Ahmedabad",9429612655,Sample Data
Blue Star Clothing Store 452,Clothing Store,Indore,"Main Road, Indore",9563672678,Sample Data
Royal Clothing Store 453,Clothing Store,Surat,"Main Road, Surat",9265919885,Sample Data
City Salon 454,Salon,Pune,"Main Road, Pune",9780821843,Sample Data
New Restaurant 455,Restaurant,Indore,"Main Road, Indore",9187624414,Sample Data
Modern Electronics Store 456,Electronics Store,Delhi,"Main Road, Delhi",9871093770,Sample Data
Sharma Gym 457,Gym,Jaipur,"Main Road, Jaipur",9998734122,Sample Data
City Electronics Store 458,Electronics Store,Surat,"Main Road, Surat",9980589769,Sample Data
New Electronics Store 459,Electronics Store,Surat,"Main Road, Surat",9139219016,Sample Data
Central Restaurant 460,Restaurant,Jaipur,"Main Road, Jaipur",9621506677,Sample Data
Sunrise Salon 461,Salon,Nagpur,"Main Road, Nagpur",9995628218,Sample Data
Royal Salon 462,Salon,Pune,"Main Road, Pune",9785700030,Sample Data
Golden Hospital 463,Hospital,Bhopal,"Main Road, Bhopal",9111217671,Sample Data
Central Electronics Store 464,Electronics Store,Jaipur,"Main Road, Jaipur",9589992767,Sample Data
Sharma Cafe 465,Cafe,Surat,"Main Road, Surat",9606235507,Sample Data
Sunrise Restaurant 466,Restaurant,Nagpur,"Main Road, Nagpur",9918858177,Sample Data
Modern Restaurant 467,Restaurant,Nagpur,"Main Road, Nagpur",9449614166,Sample Data
Modern IT Services 468,IT Services,Surat,"Main Road, Surat",9756524730,Sample Data
Blue Star Cafe 469,Cafe,Udaipur,"Main Road, Udaipur",9717572601,Sample Data
Sharma Hotel 470,Hotel,Bhopal,"Main Road, Bhopal",9980025043,Sample Data
Central Gym 471,Gym,Nagpur,"Main Road, Nagpur",9265694269,Sample Data
City Gym 472,Gym,Mumbai,"Main Road, Mumbai",9897719744,Sample Data
Royal Bakery 473,Bakery,Jaipur,"Main Road, Jaipur",9944594230,Sample Data
Royal Restaurant 474,Restaurant,Pune,"Main Road, Pune",9339172972,Sample Data
Green Hotel 475,Hotel,Surat,"Main Road, Surat",9620261072,Sample Data
Sunrise Hotel 476,Hotel,Bhopal,"Main Road, Bhopal",9424084419,Sample Data
Golden Electronics Store 477,Electronics Store,Ahmedabad,"Main Road, Ahmedabad",9461646293,Sample Data
Blue Star Salon 478,Salon,Mumbai,"Main Road, Mumbai",9953209216,Sample Data
Golden Hospital 479,Hospital,Pune,"Main Road, Pune",9164885682,Sample Data
City Hotel 480,Hotel,Jaipur,"Main Road, Jaipur",9272587918,Sample Data
Modern Electronics Store 481,Electronics Store,Surat,"Main Road, Surat",9397385170,Sample Data
Blue Star Hospital 482,Hospital,Pune,"Main Road, Pune",9436055410,Sample Data
Blue Star Hospital 483,Hospital,Delhi,"Main Road, Delhi",9260350289,Sample Data
City Clothing Store 484,Clothing Store,Mumbai,"Main Road, Mumbai",9468364616,Sample Data
Royal Salon 485,Salon,Indore,"Main Road, Indore",9889916503,Sample Data
Golden Hotel 486,Hotel,Delhi,"Main Road, Delhi",9917085461,Sample Data
Golden Clothing Store 487,Clothing Store,Delhi,"Main Road, Delhi",9669030816,Sample Data
City Clothing Store 488,Clothing Store,Nagpur,"Main Road, Nagpur",9343850559,Sample Data
Modern Gym 489,Gym,Nagpur,"Main Road, Nagpur",9890805742,Sample Data
Royal Restaurant 490,Restaurant,Ahmedabad,"Main Road, Ahmedabad",9283843411,Sample Data
New Clothing Store 491,Clothing Store,Udaipur,"Main Road, Udaipur",9394185559,Sample Data
Golden IT Services 492,IT Services,Indore,"Main Road, Indore",9361460416,Sample Data
Golden Bakery 493,Bakery,Nagpur,"Main Road, Nagpur",9827649560,Sample Data
Royal Clothing Store 494,Clothing Store,Nagpur,"Main Road, Nagpur",9233656654,Sample Data
Royal IT Services 495,IT Services,Udaipur,"Main Road, Udaipur",9893005971,Sample Data
Sunrise Restaurant 496,Restaurant,Indore,"Main Road, Indore",9178818254,Sample Data
Central Restaurant 497,Restaurant,Mumbai,"Main Road, Mumbai",9954825304,Sample Data
Sharma Cafe 498,Cafe,Mumbai,"Main Road, Mumbai",9956336123,Sample Data
Central Cafe 499,Cafe,Mumbai,"Main Road, Mumbai",9475846728,Sample Data
Modern Hotel 500,Hotel,Delhi,"Main Road, Delhi",9687203182,Sample Data
